tyx001@ucsd.edu	Tristin Xie	orangehachet#4536
jozhou@ucsd.edu	John Zhou	឵☁#1705
ank016@ucsd.edu	Anchit Kumar 	Dune Vesta#7033
benjx32@gmail.com	Benjamin Xia	Bloocr#7678
shpasumarthi@ucsd.edu	Shreyas Pasumarthi	shreyas2k#7975
daniel@milesfamily.name	Daniel Miles	DandieGuy#3281
jariss@ucsd.edu	Jad Ariss	NotZestySalsa#9206
bkao@ucsd.edu	Brandon Kao	Ur#5045
havasanth@ucsd.edu	Harish Vasanth	FireKing#8603
kkeum@ucsd.edu	Kwangyun Keum	kwang#2777
jok033@ucsd.edu	Joon Kim	JoonKim#2171
h1wan@ucsd.edu	Hou Wai Wan	waikin#5279
ant022@ucsd.edu	Anthony Truong	billybones#1171
xiw027@ucsd.edu	Xiaoyue Wang	Xiaoyue Wang#8982
kllu@ucsd.edu	Peter Lu	pthaha#1049
amtjitro@ucsd.edu	Alessandra Tjitro	alessandra#4415
aaron.linear@gmail.com	Aaron Li	YungChop$tix#2771
jennifer.chen2002@gmail.com	Jennifer Chen	redbeanmochi#5714
a5zheng@ucsd.edu	Andrew Zheng	bonga_swonga#8509
adramesh@ucsd.edu	Advay Ramesh	Advay10#9662
kal030@ucsd.edu	Kai Lee	eegs#4435
wih001@ucsd.edu	Willie Huang	Hiroe#4225
gihoang@ucsd.edu	Han Hoang	Xsper#1918
nickho.lv@gmail.com	Nicholas Ho	nhoway#9383
pygao@ucsd.edu	Peter Gao	Me#1483
luz010@ucsd.edu	Luran Zhang	lz#7521
mbaghla@ucsd.edu	Madhav Baghla	MB04#6142
can005@ucsd.edu	Calvin Nguyen	Flight #5448
rnawal@ucsd.edu	Raj Nawal	Milky#1723
nihegde@ucsd.edu	Nikhil Hegde	nikhil#8479
maweng@ucsd.edu	Max Weng	iAmWeird#4711
vhu@ucsd.edu	Vanessa Hu	salsa#7394
mpodgore@ucsd.edu	Maxim Podgore	Maxeem #9313
pejha@ucsd.edu	Peeyush Jha	P_SH#9886
meganleong10@gmail.com	Megan Leong	megan#9196
nicampos@ucsd.edu	Nick Campos	L1neage#5043
victorren2002@gmail.com	Victor Ren	VdotR#7372
narumugam@ucsd.edu	Nishanth Arumugam	DF#0967
sid625@gmail.com	Siddhant Kumar	sidkumar#6409
ptwu@ucsd.edu	Phillip Wu 	DeepZombieToot#0867 
bzliang@ucsd.edu	Benjamin Liang	ghotll#2593
jil165@ucsd.edu	Jiatu Li	Jiatu Li#3920
zaxiang@ucsd.edu	Zairan Xiang	Emilylylylyx#0946
mmprasad@ucsd.edu	Maanasa Prasad	Maanalol#3413
jstreett@ucsd.edu	James Streett	jamesd5#1245
sprestrelski@ucsd.edu	Samantha Prestrelski	ferreti#0348
ang042@ucsd.edu	Aniket Gupta	newracket#5637
chao@ucsd.edu	Charisse Hao	skippingbeast#6493
linabattikha@gmail.com	Lina Battikha	linab#2549
bpan@ucsd.edu	Bochen Pan	jimmypan123#6859
kkliu@ucsd.edu	Kevin Liu	keeeeelp#5164
ehzhou@ucsd.edu	Evanston Zhou	seven#7295
nickcronin11@gmail.com	Nicholas Cronin	Crobar11#9727
ysaravanan@ucsd.edu	Yuvanand Saravanan	Lodesword#1164
chn021@ucsd.edu	Chuong Nguyen	chuong2022#3734
yac004@ucsd.edu	Yanxiong Chen	Devin#1224
ruchandrupatla@ucsd.edu	Rushil Chandrupatla	Rushil C#9511
tnoor@ucsd.edu	Tauhid Noor	Tau#3833
arvinzhangsh@gmail.com	Arvin Zhang	arvin#5532
leoo100341224@gmail.com	Shihyao Liao	Leoozz77#3352
sjgoh@ucsd.edu	Skyler Goh	YourGamer#2033
malkhalifah@ucsd.edu	Mohammad Alkhalifah	M0Reda#9394
kec021@ucsd.edu	Kevin Chan	Dash🎵#3251
bej001@ucsd.edu	Benjamin Johnson	BennyBoi#9714
test@test.edu	Johnny Test	gamergirl88#1234
gjl001@ucsd.edu	Garvey Li	garvye#4778
k3shen@ucsd.edu	Kevin Shen	abstrqt#4350
bkreponte@ucsd.edu	Brandon Reponte	█ █ █#7438
crupp@ucsd.edu	Cody Rupp	Mr. Sniffles#7781
apurohit@ucsd.edu	Anushka Purohit	luvq4#8669
avasanth@ucsd.edu	Akhil Vasanth	a1hil#3122
bsathappan@ucsd.edu	Bharath Sathappan	Bharath#5041
adevineni@ucsd.edu	Anish Devineni	acd9246#9003
a4pena@ucsd.edu	Alexander Pena	Perro #4876
jemar@ucsd.edu	Jenny Mar	jene#1339
tntrinh@ucsd.edu	Thanh Trinh	Jayden#4877
tayoshino@ucsd.edu	Taiki Yoshino	Taiki#4418
nipillai@ucsd.edu	Nitya Pillai	Nitya#5441
dgines@ucsd.edu	Divinity Gines	vinspo#0203
dkogan@ucsd.edu	Dennis Kogan	Floofers#1517
grquach@ucsd.edu	Gregory Quach	Gweg#3490
aanguraj@ucsd.edu	Angkitha Anguraj	⠋⠥⠍⠊#6602
s9kumar@ucsd.edu	Shrey Kumar	shreykumar#7158
skothe@ucsd.edu	Sindhu Kothe	sindhu#7105
apertsel@ucsd.edu	Anthony Pertsel	Don Antonio#0564
jhlin@ucsd.edu	Jheng-Ying Lin	Andy Lin#7810
amedidi@ucsd.edu	Akshay Medidi	TURBOHYPERSPEED3#9988
hgurnani@ucsd.edu	Harsh Gurnani	Harsh Gurnani#3907
p4chang@ucsd.edu	Po-Hsuan Chang	Annonymouse#6964
htluu@ucsd.edu	Hao Luu	Wasabi#5552
avarshney@ucsd.edu	Arjun Varshney	arjunvarshney#0989
hpai@ucsd.edu	Hrithik Pai	tikpai #9975
j2jun@ucsd.edu	Joseph Jun	@hyung #9634
gfeghali@ucsd.edu	Georgio Feghali	Georgio Feghali#6058
jpon@ucsd.edu	Joanne Pon	joanne pon#1297
mbp001@ucsd.edu	Manan Patel	Mpatel#2771
jlramos@ucsd.edu	Jorge Ramos	machupicchu#7292
sbudhwar@ucsd.edu	Somansh Budhwar 	Alice442#6005
sec022@ucsd.edu	Serena Chen	lunanoctis6#1602
nparrales@ucsd.edu	Noeh Parrales	Moser101#3219
buwu@ucsd.edu	Buwei Wu 	Buwei Wu #8952
lbartongluzman@ucsd.edu	Lacha Barton-Gluzman	lachuck331#5068
chl147@ucsd.edu	Chia Lee	Avjo #6201
jwong1209qaz@gmail.com	Jason Wong	hello123#6394
lnguyen@ucsd.edu	Liam Nguyen	lamg4#4329
otikku@ucsd.edu	Osheen Tikku	osheen#5991
sasrinath@ucsd.edu	Samvrit Srinath	InfiniteExpanse#8063
bdioneda@ucsd.edu	Brandon Dioneda	Bjd.hellothere#9768
jal042@ucsd.edu	Jason Li	jali042 #1776
a2mittal@ucsd.edu	Anvi Mittal 	anvi#7518
rosood@ucsd.edu	Roshan Sood	TheCoolDudeSood#8855
srohatgi@ucsd.edu	Sidhant Rohatgi	Sidr#8789
dam001@ucsd.edu	Diego Martinez	diegom1#3882
yil126@ucsd.edu	Amy Liu	Yiyl#6744
v9sharma@ucsd.edu	Vinayak Sharma	PiXlRAM (vinayak)#3636
sskamboj@ucsd.edu	Siya Kamboj	s.kam#5088
rnambimadom@ucsd.edu	Rohan Nambimadom	Lobster Man#9362
kyt001@ucsd.edu	Kyle Tran	kylehtran#9509
jix028@ucsd.edu	Jiarui(Christine) Xu	Christine_x924#4620
lmei@ucsd.edu	Larry Mei	leeeroy#1694
ardutta@ucsd.edu	Aritra Dutta	KrystalKingpin#6159
a8chu@ucsd.edu	Ashley Chu	caowl#9044
jic098@ucsd.edu	Jiaying (Rebecca) Chen	Rc_woshimao-bot#3451